group_id,group_size,text_original,text_duplicate,similarity_threshold
doc_477,2,", we all picks the best choices together with best image resolution exclusively for you, and this photographs is usually one among photos collections in your best graphics gallery in relation to Mechanic Resume. Iâ€™m hoping you may as it.
posted through keepupdated in 2018-07-09 12:37:45. To determine all photographs inside Mechanic Resume pictures gallery remember to abide by this kind of website link.
Always remembers to follow the next photo gallery, which also includes the Mechanic Resume With Vet Tech Resume Unique Mechanic Resume Template Inspirational picture showed above. If you have any thoughts, questions or just want to say hello to other people, please do not hestitate to submit your opinion/ideas via the following comment form.",", we choices the very best choices along with best quality simply for you, and now this photos is one of photographs selections inside our finest pictures gallery in relation to Free Resume Templates Samples. I hope you can enjoy it.
published through onlinesna at 2017-08-27 05:32:42. To view all graphics inside Free Resume Templates Samples photos gallery remember to comply with this web page link.
Do not forget to explore the next photo gallery, which also includes the Free Resume Templates Samples Beautiful Line Cv Template Sample Line Resume Template Free Luxury 35 Best picture showed above. If you have any thoughts, questions or just want to say hello to other people, please do not hestitate to submit your opinion/ideas via the following comment form.",0.7
doc_1732,2,"Walking Food Tours In New Orleans is free HD wallpaper. This wallpaper was upload at April 20, 2019 upload by admin in .You can download it in your computer by clicking resolution image in Download by size:. Don't forget to rate and comment if you interest with this wallpaper.","Sterne Hotel Turkei Lara is free HD wallpaper. This wallpaper was upload at April 26, 2019 upload by admin in .You can download it in your computer by clicking resolution image in Download by size:. Don't forget to rate and comment if you interest with this wallpaper.",0.7
doc_1874,2,"Heritage Square Apartments Savannah Ga is free HD wallpaper. This wallpaper was upload at April 25, 2019 upload by admin in .You can download it in your computer by clicking resolution image in Download by size:. Don't forget to rate and comment if you interest with this wallpaper.","Car Seat Stores Louisville is free HD wallpaper. This wallpaper was upload at April 24, 2019 upload by admin in .You can download it in your computer by clicking resolution image in Download by size:. Don't forget to rate and comment if you interest with this wallpaper.",0.7
doc_777,2,"This is a placeholder page for Donald Sawyer, which means this person is not currently on this site. We do suggest using the tools below to find Donald Sawyer.
You are visiting the placeholder page for Donald Sawyer. This page is here because someone used our placeholder utility to look for Donald Sawyer. We created this page automatically in hopes Donald Sawyer would find it. If you are not Donald Sawyer, but are an alumni of Itasca High School, register on this site for free now.","This is a placeholder page for Alan Farris, which means this person is not currently on this site. We do suggest using the tools below to find Alan Farris.
You are visiting the placeholder page for Alan Farris. This page is here because someone used our placeholder utility to look for Alan Farris. We created this page automatically in hopes Alan Farris would find it. If you are not Alan Farris, but are an alumni of Fort Walton Beach High School, register on this site for free now.",0.7
